# Nested training subset n21 (MASTER_PLAN §3.2). Names only, no audio.
# Drawn once by scripts/make_subsets.py; nested n21 ⊂ n43 ⊂ n64 ⊂ n86.
track
Dark Ride - Burning Bridges
Black Bloc - If You Want Success
BigTroubles - Phantom
Meaxic - You Listen
Aimee Norwich - Child
Sweet Lights - You Let Me Down
Patrick Talbot - Set Me Free
Creepoid - OldTree
Giselle - Moss
Swinging Steaks - Lost My Way
Traffic Experiment - Once More (With Feeling)
Auctioneer - Our Future Faces
Music Delta - Grunge
Clara Berry And Wooldog - Air Traffic
Jokers, Jacks & Kings - Sea Of Leaves
Atlantis Bound - It Was My Fault For Waiting
Lushlife - Toynbee Suite
The Wrong'Uns - Rothko
James May - If You Say
James May - All Souls Moon
Actions - South Of The Water
